Category,Operation,Samples,ColdStart (ms),Min (ms),Median (ms),Mean (ms),P95 (ms),P99 (ms),StdDev (ms),Throughput (ops/s),Throughput (MB/s),Peak Memory (KB)
Post-Quantum KEM,ML-KEM-768 Keypair Generation,30,6.0965,30.9128,35.2791,39.5319,54.6835,75.9043,9.8407,25.29,N/A,192.16
Post-Quantum KEM,ML-KEM-768 Encapsulation,30,9.6867,47.2219,70.3504,69.9205,94.6055,96.4423,14.8532,14.3,N/A,210.31
Post-Quantum KEM,ML-KEM-768 Decapsulation,30,17.6158,77.1612,110.3675,110.5371,151.312,164.3745,19.0293,9.05,N/A,213.26
Post-Quantum DSA,ML-DSA-65 Keypair Generation,25,34.7756,89.5977,131.1829,130.2641,161.5546,176.4757,21.6338,7.68,N/A,525.55
Post-Quantum DSA,ML-DSA-65 Signature Generation,25,49.4237,255.8862,328.749,339.9688,456.6657,465.2969,60.6073,2.94,0.0,911.61
Post-Quantum DSA,ML-DSA-65 Signature Verification,25,47.9121,133.7771,177.3684,178.509,212.7427,235.4605,26.0218,5.6,0.0,575.04
Symmetric Cryptography,AES-256-GCM Encrypt (10KB),50,51.6121,0.2543,0.3878,0.4058,0.6976,0.8222,0.1203,2444.09,23.87,14.87
Symmetric Cryptography,AES-256-GCM Decrypt (10KB),50,0.4761,0.2657,0.3296,0.3688,0.6133,0.7724,0.1119,2689.44,26.26,15.56
Symmetric Cryptography,AES-256-GCM Encrypt (100KB),50,0.3556,0.3563,0.6362,0.6118,0.7678,0.9147,0.1321,1622.53,158.45,104.69
Symmetric Cryptography,AES-256-GCM Decrypt (100KB),50,0.3546,0.3707,0.5772,0.5948,0.9092,1.0718,0.1683,1670.5,163.14,105.43
Symmetric Cryptography,AES-256-GCM Encrypt (1MB),25,2.373,1.7902,2.0701,2.2524,3.2018,3.4755,0.4483,442.71,442.71,1026.95
Symmetric Cryptography,AES-256-GCM Decrypt (1MB),25,2.573,1.968,2.8927,2.7335,3.2168,3.4001,0.4382,364.99,364.99,1028.06
Symmetric Cryptography,AES-256-GCM Encrypt (5MB),25,9.8528,7.8092,10.4423,10.238,11.9582,13.8823,1.4399,97.56,487.78,5122.95
Symmetric Cryptography,AES-256-GCM Decrypt (5MB),25,11.5058,7.4094,9.3106,9.525,11.6961,12.1803,1.1443,104.84,524.19,5123.15
Key Derivation,HKDF-SHA256 Key Derivation (RFC 5869),50,0.0743,0.0304,0.033,0.0394,0.0623,0.0799,0.0114,24145.26,N/A,3.9
Symmetric Cryptography,HMAC-SHA256 Token Generation & Verification,50,0.0195,0.0121,0.0124,0.0128,0.0148,0.0193,0.0012,69744.73,N/A,3.48
Key Derivation,AES-256-GCM Key Wrap (256-bit key),50,0.2174,0.208,0.229,0.2337,0.3004,0.3611,0.0295,4240.95,N/A,5.74
Key Derivation,AES-256-GCM Key Unwrap (256-bit key),50,0.1544,0.2492,0.275,0.2951,0.3958,0.4637,0.0484,3361.82,N/A,5.22
End-to-End Workflow,Stage 1: Document SHA-256 Digest (100KB),15,0.089,0.086,0.0881,0.0906,0.1118,0.1118,0.0065,10665.53,1042.02,1.06
End-to-End Workflow,Stage 2: Release Creation & Encapsulation (1 Recipient),15,15.1344,54.0692,63.2624,68.4815,97.2921,97.2921,12.983,14.6,1.43,2383.91
End-to-End Workflow,Stage 3: Recipient Decrypt + Provenance Signing + Ledger,15,59.7128,295.8762,596.176,638.6892,1510.4428,1510.4428,305.0185,1.57,0.15,1223.42
End-to-End Workflow,Stage 4: Provenance Signature Verification (ML-DSA-65),15,51.872,185.0358,221.2127,231.7287,285.897,285.897,30.5463,4.32,N/A,573.12
End-to-End Workflow,Complete E2E Lifecycle: Release -> Decrypt -> Provenance Verify,15,196.2575,452.6137,887.7142,1114.5595,3595.2872,3595.2872,759.006,0.9,0.09,3294.95
